transaction_id,customer_id,merchant_id,transaction_time,amount,country,status,fraud_score,risk_level,fraud_reasons
TXN1004053,1820,100,2025-01-12 02:47:21,72970.7,USA,SUCCESS,6,High,"high_amount,odd_hour,location_change"
TXN1046662,460,153,2025-01-10 04:42:58,134360.08,USA,SUCCESS,6,High,"high_amount,odd_hour,location_change"
TXN1045971,794,219,2025-01-05 01:07:01,139718.09,Singapore,SUCCESS,6,High,"high_amount,odd_hour,location_change"
TXN1022479,161,192,2025-01-16 02:18:19,63075.03,USA,FAILED,6,High,"high_amount,odd_hour,location_change"
TXN1031169,1008,82,2025-01-27 03:25:31,84356.98,UAE,SUCCESS,6,High,"high_amount,odd_hour,location_change"
TXN1049963,759,251,2025-01-27 04:01:56,194015.8,USA,SUCCESS,6,High,"high_amount,odd_hour,location_change"
TXN1001684,1043,62,2025-01-31 01:49:15,118143.31,USA,SUCCESS,6,High,"high_amount,odd_hour,location_change"
TXN1015233,739,12,2025-01-16 00:07:19,148054.74,UAE,SUCCESS,6,High,"high_amount,odd_hour,location_change"
TXN1043237,1074,191,2025-01-12 04:26:55,73942.9,USA,SUCCESS,6,High,"high_amount,odd_hour,location_change"
TXN1006264,1263,168,2025-01-16 04:40:34,125605.09,UK,SUCCESS,6,High,"high_amount,odd_hour,location_change"
TXN1021485,1284,218,2025-01-23 03:37:33,131054.04,UK,SUCCESS,6,High,"high_amount,odd_hour,location_change"
TXN1024845,571,298,2025-01-24 01:17:02,82268.24,Singapore,SUCCESS,6,High,"high_amount,odd_hour,location_change"
TXN1034507,876,71,2025-01-13 04:50:06,133166.58,Singapore,SUCCESS,6,High,"high_amount,odd_hour,location_change"
TXN1002629,1388,62,2025-01-22 01:05:00,65434.02,USA,SUCCESS,6,High,"high_amount,odd_hour,location_change"
TXN1038585,565,93,2025-01-21 03:01:38,147997.17,Singapore,SUCCESS,6,High,"high_amount,odd_hour,location_change"
TXN1012613,824,269,2025-01-26 02:03:56,113212.05,USA,SUCCESS,6,High,"high_amount,odd_hour,location_change"
TXN1016932,187,298,2025-01-24 02:12:48,198315.79,USA,SUCCESS,6,High,"high_amount,odd_hour,location_change"
TXN1045826,1459,161,2025-01-23 01:39:45,176720.89,UK,SUCCESS,6,High,"high_amount,odd_hour,location_change"
TXN1005920,338,142,2025-01-17 02:22:31,168123.18,USA,SUCCESS,6,High,"high_amount,odd_hour,location_change"
TXN1004417,232,184,2025-01-21 02:34:55,166772.73,UK,SUCCESS,6,High,"high_amount,odd_hour,location_change"
TXN1015230,1539,180,2025-01-01 14:39:18,187118.84,Singapore,SUCCESS,5,High,"high_amount,location_change"
TXN1045277,879,83,2025-01-18 09:04:24,88801.32,UAE,SUCCESS,5,High,"high_amount,location_change"
TXN1002352,947,208,2025-01-17 05:47:42,69631.15,UAE,FAILED,5,High,"high_amount,location_change"
TXN1016627,1798,56,2025-01-05 19:25:45,158591.85,USA,SUCCESS,5,High,"high_amount,location_change"
TXN1029687,1671,290,2025-01-26 11:35:41,170093.22,UK,SUCCESS,5,High,"high_amount,location_change"
TXN1020149,1614,161,2025-01-09 11:07:54,130452.63,Singapore,SUCCESS,5,High,"high_amount,location_change"
TXN1029219,1600,273,2025-01-17 12:50:53,93547.35,USA,SUCCESS,5,High,"high_amount,location_change"
TXN1043336,1432,26,2025-01-07 10:38:41,115312.57,UK,SUCCESS,5,High,"high_amount,location_change"
TXN1001719,1373,10,2025-01-08 19:38:29,144339.33,UAE,SUCCESS,5,High,"high_amount,location_change"
TXN1041070,1088,127,2025-01-28 14:11:38,127708.26,Singapore,SUCCESS,5,High,"high_amount,location_change"
TXN1029816,1131,193,2025-01-11 16:28:46,170005.73,USA,FAILED,5,High,"high_amount,location_change"
TXN1002170,1144,98,2025-01-11 19:08:49,195942.45,USA,SUCCESS,5,High,"high_amount,location_change"
TXN1018364,1237,179,2025-01-01 11:24:37,120347.57,USA,SUCCESS,5,High,"high_amount,location_change"
TXN1000111,1486,10,2025-01-31 23:01:14,144864.2,USA,SUCCESS,5,High,"high_amount,location_change"
TXN1017408,1458,23,2025-01-26 07:38:09,146247.81,Singapore,SUCCESS,5,High,"high_amount,location_change"
TXN1020232,1370,125,2025-01-23 20:36:38,132847.87,UK,SUCCESS,5,High,"high_amount,location_change"
TXN1028182,1075,114,2025-01-16 07:23:10,75294.43,Singapore,SUCCESS,5,High,"high_amount,location_change"
TXN1028989,150,7,2025-01-24 08:21:33,131483.78,UAE,SUCCESS,5,High,"high_amount,location_change"
TXN1015114,838,249,2025-01-11 16:54:20,98848.97,UK,SUCCESS,5,High,"high_amount,location_change"
TXN1006025,817,195,2025-01-24 10:01:07,117984.69,UK,SUCCESS,5,High,"high_amount,location_change"
TXN1004742,201,134,2025-01-13 18:38:06,144921.64,USA,SUCCESS,5,High,"high_amount,location_change"
TXN1021246,204,247,2025-01-16 05:35:42,95211.07,USA,SUCCESS,5,High,"high_amount,location_change"
TXN1044439,261,138,2025-01-09 16:54:31,174876.54,UK,SUCCESS,5,High,"high_amount,location_change"
TXN1003867,261,140,2025-01-19 16:44:19,92968.94,UAE,SUCCESS,5,High,"high_amount,location_change"
TXN1033839,316,221,2025-01-22 09:32:30,147460.18,USA,SUCCESS,5,High,"high_amount,location_change"
TXN1034205,345,184,2025-01-30 03:06:00,811.72,USA,SUCCESS,5,High,"velocity_10min,odd_hour,location_change"
TXN1021364,382,57,2025-01-07 03:05:00,1248.31,USA,SUCCESS,5,High,"velocity_10min,odd_hour,location_change"
TXN1024534,406,109,2025-01-08 00:07:00,2675.92,UAE,SUCCESS,5,High,"velocity_10min,odd_hour,location_change"
TXN1012874,411,248,2025-01-11 13:52:39,145364.14,USA,SUCCESS,5,High,"high_amount,location_change"
TXN1041970,480,67,2025-01-29 00:08:00,3091.78,UAE,SUCCESS,5,High,"velocity_10min,odd_hour,location_change"
TXN1038514,535,38,2025-01-07 07:31:33,199072.03,UAE,SUCCESS,5,High,"high_amount,location_change"
TXN1032304,555,286,2025-01-19 06:43:43,98018.64,UAE,SUCCESS,5,High,"high_amount,location_change"
TXN1048483,612,150,2025-01-10 05:39:45,105580.84,UAE,SUCCESS,5,High,"high_amount,location_change"
TXN1034833,630,237,2025-01-24 09:17:57,113105.02,UAE,SUCCESS,5,High,"high_amount,location_change"
TXN1003628,647,43,2025-01-22 20:48:00,101289.26,UK,SUCCESS,5,High,"high_amount,location_change"
TXN1048523,673,294,2025-01-15 11:26:27,145978.71,UAE,SUCCESS,5,High,"high_amount,location_change"
TXN1011510,678,52,2025-01-02 06:37:53,73057.51,UAE,SUCCESS,5,High,"high_amount,location_change"
TXN1008694,692,86,2025-01-05 18:07:42,198681.97,UK,SUCCESS,5,High,"high_amount,location_change"
TXN1003130,708,14,2025-01-08 09:05:15,58771.98,USA,SUCCESS,5,High,"high_amount,location_change"
TXN1003029,726,57,2025-01-03 18:09:28,187992.53,UK,SUCCESS,5,High,"high_amount,location_change"
TXN1030932,746,252,2025-01-26 18:18:00,64914.91,USA,FAILED,5,High,"high_amount,location_change"
TXN1039180,762,184,2025-01-26 05:28:28,119784.3,Singapore,SUCCESS,5,High,"high_amount,location_change"
TXN1014647,775,275,2025-01-23 15:20:15,175365.15,UK,SUCCESS,5,High,"high_amount,location_change"
TXN1018970,769,259,2025-01-18 14:14:38,171747.08,UAE,SUCCESS,5,High,"high_amount,location_change"
